Timestamp,Physical_Sensor,Digital_Twin,Machine_RPM
2026-04-10 00:00:00,,,1959
2026-04-10 00:00:01,,,3917
2026-04-10 00:00:02,,,3268
2026-04-10 00:00:03,,,3571
2026-04-10 00:00:04,,,1582
2026-04-10 00:00:05,,,4567
2026-04-10 00:00:06,,,3793
2026-04-10 00:00:07,,,2103
2026-04-10 00:00:08,,,1085
2026-04-10 00:00:09,,,3090
2026-04-10 00:00:10,,,4454
2026-04-10 00:00:11,,,2933
2026-04-10 00:00:12,,,3290
2026-04-10 00:00:13,,,1225
2026-04-10 00:00:14,,,1390
2026-04-10 00:00:15,,,3319
2026-04-10 00:00:16,,,3798
2026-04-10 00:00:17,,,2861
2026-04-10 00:00:18,,,1073
2026-04-10 00:00:19,,,2210
2026-04-10 00:00:20,,,3061
2026-04-10 00:00:21,,,2221
2026-04-10 00:00:22,,,3867
2026-04-10 00:00:23,,,1123
2026-04-10 00:00:24,,,4711
2026-04-10 00:00:25,,,2680
2026-04-10 00:00:26,,,1482
2026-04-10 00:00:27,,,2672
2026-04-10 00:00:28,,,3972
2026-04-10 00:00:29,,,4991
2026-04-10 00:00:30,,,1887
2026-04-10 00:00:31,,,1171
2026-04-10 00:00:32,,,4088
2026-04-10 00:00:33,,,1494
2026-04-10 00:00:34,,,2500
2026-04-10 00:00:35,,,3530
2026-04-10 00:00:36,,,4423
2026-04-10 00:00:37,,,3559
2026-04-10 00:00:38,,,2715
2026-04-10 00:00:39,,,1311
2026-04-10 00:00:40,,,4610
2026-04-10 00:00:41,,,4916
2026-04-10 00:00:42,,,4532
2026-04-10 00:00:43,,,2491
2026-04-10 00:00:44,,,4573
2026-04-10 00:00:45,,,4370
2026-04-10 00:00:46,,,2058
2026-04-10 00:00:47,,,1781
2026-04-10 00:00:48,,,4767
2026-04-10 00:00:49,,,4231
2026-04-10 00:00:50,70.76395082491506,75.76395082491506,4218
2026-04-10 00:00:51,68.80235941111111,73.80235941111111,4953
2026-04-10 00:00:52,71.46527865606087,76.46527865606087,3332
2026-04-10 00:00:53,69.24197132482998,74.24197132482998,1883
2026-04-10 00:00:54,69.06048811072394,74.06048811072394,1230
2026-04-10 00:00:55,73.60679204102915,78.60679204102915,3750
2026-04-10 00:00:56,72.15816334612,77.15816334612,2076
2026-04-10 00:00:57,71.5071269848131,76.5071269848131,2252
2026-04-10 00:00:58,73.05317326920445,78.05317326920445,3288
2026-04-10 00:00:59,71.39133574363863,76.39133574363863,3949
2026-04-10 00:01:00,68.7932220971732,73.7932220971732,3468
2026-04-10 00:01:01,66.62220225636835,71.62220225636835,4024
2026-04-10 00:01:02,71.0606675655502,76.0606675655502,4654
2026-04-10 00:01:03,71.67106492923504,76.67106492923504,4818
2026-04-10 00:01:04,72.3414906142897,77.3414906142897,3632
2026-04-10 00:01:05,69.66306911563854,74.66306911563854,2832
2026-04-10 00:01:06,68.3597352332769,73.3597352332769,3803
2026-04-10 00:01:07,69.02817183146475,74.02817183146475,3569
2026-04-10 00:01:08,70.92133397928903,75.92133397928903,1448
2026-04-10 00:01:09,67.06407546273718,72.06407546273718,1485
2026-04-10 00:01:10,70.20501081555432,75.20501081555432,2495
2026-04-10 00:01:11,69.43011206324465,74.43011206324465,1863
2026-04-10 00:01:12,72.19400268786093,77.19400268786093,2105
2026-04-10 00:01:13,74.19199757107809,79.19199757107809,2210
2026-04-10 00:01:14,72.16040503792412,77.16040503792412,3320
2026-04-10 00:01:15,70.07495491708559,75.07495491708559,3259
2026-04-10 00:01:16,70.74872324687348,75.74872324687348,1366
2026-04-10 00:01:17,71.93715825747957,76.93715825747957,3057
2026-04-10 00:01:18,69.62628532720142,74.62628532720142,2035
2026-04-10 00:01:19,71.13830741939421,76.13830741939421,1999
2026-04-10 00:01:20,68.75639966132219,73.75639966132219,2288
2026-04-10 00:01:21,70.23434294996719,75.23434294996719,1050
2026-04-10 00:01:22,68.74870539385464,73.74870539385464,2512
2026-04-10 00:01:23,68.96438813836077,73.96438813836077,2644
2026-04-10 00:01:24,68.75667329094986,73.75667329094986,2029
2026-04-10 00:01:25,72.14402802840098,77.14402802840098,4623
2026-04-10 00:01:26,68.90972963391445,73.90972963391445,1457
2026-04-10 00:01:27,71.68482057260995,76.68482057260995,4928
2026-04-10 00:01:28,68.56690575726621,73.56690575726621,3480
2026-04-10 00:01:29,71.63960587207477,76.63960587207477,2886
2026-04-10 00:01:30,73.20714300594858,78.20714300594858,3928
2026-04-10 00:01:31,71.72578116657887,76.72578116657887,4096
2026-04-10 00:01:32,67.00958562028686,72.00958562028686,3552
2026-04-10 00:01:33,69.63740631020679,74.63740631020679,3619
2026-04-10 00:01:34,68.32678870816416,73.32678870816416,2916
2026-04-10 00:01:35,74.93910879259482,79.93910879259482,2353
2026-04-10 00:01:36,68.91625801044691,73.91625801044691,3400
2026-04-10 00:01:37,69.68591629392623,74.68591629392623,1582
2026-04-10 00:01:38,70.66020761179112,75.66020761179112,1927
2026-04-10 00:01:39,71.7221144045012,76.7221144045012,1566
2026-04-10 00:01:40,73.04599288182253,78.04599288182253,2255
2026-04-10 00:01:41,71.37919316228076,76.37919316228076,1701
2026-04-10 00:01:42,69.62271771748252,74.62271771748252,3207
2026-04-10 00:01:43,70.55698513527693,75.55698513527693,4313
2026-04-10 00:01:44,68.64000116217129,73.64000116217129,4083
2026-04-10 00:01:45,65.37225347030014,70.37225347030014,4270
2026-04-10 00:01:46,66.89234171588238,71.89234171588238,1611
2026-04-10 00:01:47,70.81097611782485,75.81097611782485,3307
2026-04-10 00:01:48,72.22740827275796,77.22740827275796,4843
2026-04-10 00:01:49,70.71568805391014,75.71568805391014,3698
2026-04-10 00:01:50,71.11275504101248,76.11275504101248,4938
2026-04-10 00:01:51,69.1633359815939,74.1633359815939,4950
2026-04-10 00:01:52,71.53978894500897,76.53978894500897,4420
2026-04-10 00:01:53,69.6130675983316,74.6130675983316,2856
2026-04-10 00:01:54,67.5377353967613,72.5377353967613,1118
2026-04-10 00:01:55,71.16847939556604,76.16847939556604,3126
2026-04-10 00:01:56,69.82980777326846,74.82980777326846,2333
2026-04-10 00:01:57,69.55372352722274,74.55372352722274,3771
2026-04-10 00:01:58,73.1823572403629,78.1823572403629,1049
2026-04-10 00:01:59,71.73661011916023,76.73661011916023,2381
2026-04-10 00:02:00,71.87691624130207,76.87691624130207,4888
2026-04-10 00:02:01,72.1965809916773,77.1965809916773,3245
2026-04-10 00:02:02,75.11958397960676,80.11958397960676,2578
2026-04-10 00:02:03,70.6138971262406,75.6138971262406,3635
2026-04-10 00:02:04,66.13104892025731,71.13104892025731,3307
2026-04-10 00:02:05,72.66017929365398,77.66017929365398,2773
2026-04-10 00:02:06,68.46844772375992,73.46844772375992,1840
2026-04-10 00:02:07,69.41564705817498,74.41564705817498,4597
2026-04-10 00:02:08,70.30613635364365,75.30613635364365,2402
2026-04-10 00:02:09,70.07368551941792,75.07368551941792,1168
2026-04-10 00:02:10,71.32144866505895,76.32144866505895,1402
2026-04-10 00:02:11,70.34003794372387,75.34003794372387,3528
2026-04-10 00:02:12,68.08830425390663,73.08830425390663,4917
2026-04-10 00:02:13,72.71006399568294,77.71006399568294,4873
2026-04-10 00:02:14,72.54973599241555,77.54973599241555,3768
2026-04-10 00:02:15,68.91908184108252,73.91908184108252,3693
2026-04-10 00:02:16,68.53434474618787,73.53434474618787,3050
2026-04-10 00:02:17,73.2216787204747,78.2216787204747,4290
2026-04-10 00:02:18,73.94515770369944,78.94515770369944,1830
2026-04-10 00:02:19,69.45659996066436,74.45659996066436,1092
2026-04-10 00:02:20,68.75197889891346,73.75197889891346,4046
2026-04-10 00:02:21,70.44863955924664,75.44863955924664,3117
2026-04-10 00:02:22,70.82349614653958,75.82349614653958,2491
2026-04-10 00:02:23,71.11318256869633,76.11318256869633,4886
2026-04-10 00:02:24,70.03294734484076,75.03294734484076,4751
2026-04-10 00:02:25,67.06692593976076,72.06692593976076,1304
2026-04-10 00:02:26,71.71168017707438,76.71168017707438,2548
2026-04-10 00:02:27,68.76798146666287,73.76798146666287,4581
2026-04-10 00:02:28,68.97730698735784,73.97730698735784,3767
2026-04-10 00:02:29,72.5395394192024,77.5395394192024,1114
2026-04-10 00:02:30,66.81175285355431,71.81175285355431,3606
2026-04-10 00:02:31,73.22155400697869,78.22155400697869,4954
2026-04-10 00:02:32,69.13548280642767,74.13548280642767,2829
2026-04-10 00:02:33,70.65788239172795,75.65788239172795,2081
2026-04-10 00:02:34,70.1074899729502,75.1074899729502,1799
2026-04-10 00:02:35,71.090180557363,76.090180557363,3893
2026-04-10 00:02:36,69.13152577598603,74.13152577598603,4078
2026-04-10 00:02:37,67.8791724927656,72.8791724927656,3607
2026-04-10 00:02:38,69.70381216910503,74.70381216910503,3100
2026-04-10 00:02:39,70.9240821993076,75.9240821993076,4119
2026-04-10 00:02:40,71.2129624105808,76.2129624105808,3590
2026-04-10 00:02:41,69.40994107481536,74.40994107481536,4898
2026-04-10 00:02:42,70.93989080958839,75.93989080958839,4620
2026-04-10 00:02:43,74.52687728990934,79.52687728990934,3441
2026-04-10 00:02:44,71.40397507394567,76.40397507394567,2305
2026-04-10 00:02:45,68.1326195298657,73.1326195298657,2987
2026-04-10 00:02:46,70.97862275745365,75.97862275745365,3059
2026-04-10 00:02:47,70.46633791310887,75.46633791310887,2821
2026-04-10 00:02:48,69.19536902951,74.19536902951,3521
2026-04-10 00:02:49,68.57931827539129,73.57931827539129,3794
2026-04-10 00:02:50,71.45949003203958,76.45949003203958,1553
2026-04-10 00:02:51,66.32378642429278,71.32378642429278,4438
2026-04-10 00:02:52,72.17470402886599,77.17470402886599,4194
2026-04-10 00:02:53,72.76813500448931,77.76813500448931,4915
2026-04-10 00:02:54,69.86550984442407,74.86550984442407,3926
2026-04-10 00:02:55,68.72288855479097,73.72288855479097,3503
2026-04-10 00:02:56,71.01313722576242,76.01313722576242,3122
2026-04-10 00:02:57,70.15034247876247,75.15034247876247,2176
2026-04-10 00:02:58,70.42156197659759,75.42156197659759,3971
2026-04-10 00:02:59,70.85786943371393,75.85786943371393,3820
2026-04-10 00:03:00,66.01118534808558,71.01118534808558,1900
2026-04-10 00:03:01,73.30507797912671,78.30507797912671,4719
2026-04-10 00:03:02,69.53572376152728,74.53572376152728,3068
2026-04-10 00:03:03,70.41801445733762,75.41801445733762,1130
2026-04-10 00:03:04,69.90670682100205,74.90670682100205,1483
2026-04-10 00:03:05,63.430137782538694,68.4301377825387,2373
2026-04-10 00:03:06,72.28501006358138,77.28501006358138,4219
2026-04-10 00:03:07,71.62949033424664,76.62949033424664,3791
2026-04-10 00:03:08,71.1821819818088,76.1821819818088,4035
2026-04-10 00:03:09,70.18045765954945,75.18045765954945,2551
2026-04-10 00:03:10,67.09464611728039,72.09464611728039,1414
2026-04-10 00:03:11,68.45281693695443,73.45281693695443,1463
2026-04-10 00:03:12,65.53349302247543,70.53349302247543,2405
2026-04-10 00:03:13,72.37531017495837,77.37531017495837,2474
2026-04-10 00:03:14,71.40238939675409,76.40238939675409,4073
2026-04-10 00:03:15,69.7353755640155,74.7353755640155,3341
2026-04-10 00:03:16,74.35219633565158,79.35219633565158,4579
2026-04-10 00:03:17,69.13910294943959,74.13910294943959,4770
2026-04-10 00:03:18,71.34327306063783,76.34327306063783,3933
2026-04-10 00:03:19,71.31747769302399,76.31747769302399,2257
2026-04-10 00:03:20,71.71516322619233,76.71516322619233,3297
2026-04-10 00:03:21,72.78568031763865,77.78568031763865,3849
2026-04-10 00:03:22,74.26928206674387,79.26928206674387,4798
2026-04-10 00:03:23,70.04308597746993,75.04308597746993,3096
2026-04-10 00:03:24,70.26203897186174,75.26203897186174,2473
2026-04-10 00:03:25,70.34880019478793,75.34880019478793,1918
2026-04-10 00:03:26,71.60599506574033,76.60599506574033,3379
2026-04-10 00:03:27,68.59660804152749,73.59660804152749,1227
2026-04-10 00:03:28,70.52227513057747,75.52227513057747,4865
2026-04-10 00:03:29,70.70685699800022,75.70685699800022,1216
2026-04-10 00:03:30,71.64978894777458,76.64978894777458,2556
2026-04-10 00:03:31,70.78798232154573,75.78798232154573,3451
2026-04-10 00:03:32,69.91387024799081,74.91387024799081,4206
2026-04-10 00:03:33,67.4993486066878,72.4993486066878,1951
2026-04-10 00:03:34,66.8238718864237,71.8238718864237,2044
2026-04-10 00:03:35,68.25029145402435,73.25029145402435,2195
2026-04-10 00:03:36,72.55309999222513,77.55309999222513,2492
2026-04-10 00:03:37,66.75288035159353,71.75288035159353,2516
2026-04-10 00:03:38,69.64761140012837,74.64761140012837,4524
2026-04-10 00:03:39,70.97281261439775,75.97281261439775,2145
2026-04-10 00:03:40,72.86075440505262,77.86075440505262,3771
2026-04-10 00:03:41,65.38013118285603,70.38013118285603,1880
2026-04-10 00:03:42,70.33460540038392,75.33460540038392,2348
2026-04-10 00:03:43,67.76157023145845,72.76157023145845,4017
2026-04-10 00:03:44,68.86674069417826,73.86674069417826,1183
2026-04-10 00:03:45,69.26535440849692,74.26535440849692,2623
2026-04-10 00:03:46,67.82921985578585,72.82921985578585,3579
2026-04-10 00:03:47,71.70870060537273,76.70870060537273,1252
2026-04-10 00:03:48,69.50972372818266,74.50972372818266,1307
2026-04-10 00:03:49,69.2907891095551,74.2907891095551,1351
2026-04-10 00:03:50,69.87112479415312,74.87112479415312,1344
2026-04-10 00:03:51,69.37080360080995,74.37080360080995,1580
2026-04-10 00:03:52,68.51327272598074,73.51327272598074,3409
2026-04-10 00:03:53,71.5172943535536,76.5172943535536,2433
2026-04-10 00:03:54,70.33286235426873,75.33286235426873,3284
2026-04-10 00:03:55,66.31304737819158,71.31304737819158,4441
2026-04-10 00:03:56,67.80501443877615,72.80501443877615,3130
2026-04-10 00:03:57,68.86273137510831,73.86273137510831,2125
2026-04-10 00:03:58,69.93578280882168,74.93578280882168,4346
2026-04-10 00:03:59,66.66906415815644,71.66906415815644,4919
2026-04-10 00:04:00,66.68963196163386,71.68963196163386,3802
2026-04-10 00:04:01,67.92736029029025,72.92736029029025,1039
2026-04-10 00:04:02,66.06725074194222,71.06725074194222,4856
2026-04-10 00:04:03,68.8940906807377,73.8940906807377,1480
2026-04-10 00:04:04,70.5184839330261,75.5184839330261,1369
2026-04-10 00:04:05,68.523282358469,73.523282358469,4803
2026-04-10 00:04:06,69.92787804119166,74.92787804119166,3334
2026-04-10 00:04:07,69.24773470065979,74.24773470065979,1717
2026-04-10 00:04:08,67.34019174039408,72.34019174039408,2813
2026-04-10 00:04:09,70.74053512533004,75.74053512533004,3556
2026-04-10 00:04:10,68.41546825888594,73.41546825888594,4961
2026-04-10 00:04:11,69.69402916401624,74.69402916401624,1206
2026-04-10 00:04:12,68.47767511501968,73.47767511501968,3273
2026-04-10 00:04:13,69.80291742531814,74.80291742531814,1730
2026-04-10 00:04:14,67.92133708095014,72.92133708095014,3068
2026-04-10 00:04:15,68.83328101715843,73.83328101715843,1730
2026-04-10 00:04:16,65.50208362174641,70.50208362174641,1499
2026-04-10 00:04:17,71.97890371445195,76.97890371445195,1352
2026-04-10 00:04:18,64.97059123438997,69.97059123438997,4135
2026-04-10 00:04:19,72.05140472303411,77.05140472303411,3010
2026-04-10 00:04:20,72.00162347922586,77.00162347922586,3192
2026-04-10 00:04:21,68.33305388127565,73.33305388127565,4579
2026-04-10 00:04:22,69.056069946524,74.056069946524,3036
2026-04-10 00:04:23,65.81103069930545,70.81103069930545,4231
2026-04-10 00:04:24,72.18610946644293,77.18610946644293,1749
2026-04-10 00:04:25,70.80939216773758,75.80939216773758,1746
2026-04-10 00:04:26,69.87862306880454,74.87862306880454,3700
2026-04-10 00:04:27,72.50002031440421,77.50002031440421,4648
2026-04-10 00:04:28,70.50264181184329,75.50264181184329,4285
2026-04-10 00:04:29,70.99094231853897,75.99094231853897,2505
2026-04-10 00:04:30,72.22971749314239,77.22971749314239,4455
2026-04-10 00:04:31,67.92471146057608,72.92471146057608,3690
2026-04-10 00:04:32,66.83522588863421,71.83522588863421,4619
2026-04-10 00:04:33,72.68582285241756,77.68582285241756,1768
2026-04-10 00:04:34,71.37492218397715,76.37492218397715,3992
2026-04-10 00:04:35,67.15396243958517,72.15396243958517,3359
2026-04-10 00:04:36,72.10436374401208,77.10436374401208,1777
2026-04-10 00:04:37,66.09092896519664,71.09092896519664,2683
2026-04-10 00:04:38,69.94368334045232,74.94368334045232,1126
2026-04-10 00:04:39,69.03839828148429,74.03839828148429,2650
2026-04-10 00:04:40,72.49966445798486,77.49966445798486,2101
2026-04-10 00:04:41,68.3538208660023,73.3538208660023,3887
2026-04-10 00:04:42,66.36088374350217,71.36088374350217,2687
2026-04-10 00:04:43,67.9816756693723,72.9816756693723,3007
2026-04-10 00:04:44,69.20494201772846,74.20494201772846,4634
2026-04-10 00:04:45,70.2461564596819,75.2461564596819,4211
2026-04-10 00:04:46,69.47161308844463,74.47161308844463,2936
2026-04-10 00:04:47,67.32963119403917,72.32963119403917,4264
2026-04-10 00:04:48,69.83290052791747,74.83290052791747,1030
2026-04-10 00:04:49,71.84098044196033,76.84098044196033,4050
2026-04-10 00:04:50,69.76854270009314,74.76854270009314,1522
2026-04-10 00:04:51,67.28162639993582,72.28162639993582,4132
2026-04-10 00:04:52,71.44647128707098,76.44647128707098,3901
2026-04-10 00:04:53,70.38931226223013,75.38931226223013,2961
2026-04-10 00:04:54,71.99539968852933,76.99539968852933,4918
2026-04-10 00:04:55,70.34184266667953,75.34184266667953,3502
2026-04-10 00:04:56,68.50393315048554,73.50393315048554,1765
2026-04-10 00:04:57,73.59321184694625,78.59321184694625,3757
2026-04-10 00:04:58,72.79638885434913,77.79638885434913,2960
2026-04-10 00:04:59,71.09326346456278,76.09326346456278,2291
2026-04-10 00:05:00,71.05038511516116,76.05038511516116,1978
2026-04-10 00:05:01,72.56360251995801,77.56360251995801,1955
2026-04-10 00:05:02,69.53822046575117,74.53822046575117,2625
2026-04-10 00:05:03,70.39165411921319,75.39165411921319,3839
2026-04-10 00:05:04,70.51178837784127,75.51178837784127,3958
2026-04-10 00:05:05,68.4416470984952,73.4416470984952,3522
2026-04-10 00:05:06,69.90432192921975,74.90432192921975,3310
2026-04-10 00:05:07,69.36510872308652,74.36510872308652,4245
2026-04-10 00:05:08,69.8592813482147,74.8592813482147,4325
2026-04-10 00:05:09,69.54262925854695,74.54262925854695,2815
2026-04-10 00:05:10,68.13050104258893,73.13050104258893,3015
2026-04-10 00:05:11,67.63827450918582,72.63827450918582,4217
2026-04-10 00:05:12,72.50156750898262,77.50156750898262,3500
2026-04-10 00:05:13,67.04739608945063,72.04739608945063,4894
2026-04-10 00:05:14,69.90637225159028,74.90637225159028,1246
2026-04-10 00:05:15,68.49190468331084,73.49190468331084,1267
2026-04-10 00:05:16,70.15974510566991,75.15974510566991,4685
2026-04-10 00:05:17,70.21868540802791,75.21868540802791,4123
2026-04-10 00:05:18,67.88642466881907,72.88642466881907,4501
2026-04-10 00:05:19,70.55055062532804,75.55055062532804,1803
2026-04-10 00:05:20,69.65421349186211,74.65421349186211,4666
2026-04-10 00:05:21,71.5207640078209,76.5207640078209,3878
2026-04-10 00:05:22,66.56112187271245,71.56112187271245,4457
2026-04-10 00:05:23,69.76169000089006,74.76169000089006,1905
2026-04-10 00:05:24,72.48317676492036,77.48317676492036,3514
2026-04-10 00:05:25,71.22440437531118,76.22440437531118,3566
2026-04-10 00:05:26,69.7735490437977,74.7735490437977,1251
2026-04-10 00:05:27,70.87266051347899,75.87266051347899,4235
2026-04-10 00:05:28,71.98697935944946,76.98697935944946,3981
2026-04-10 00:05:29,73.52225974438198,78.52225974438198,4721
2026-04-10 00:05:30,68.24742728146927,73.24742728146927,3894
2026-04-10 00:05:31,67.89480738194209,72.89480738194209,3740
2026-04-10 00:05:32,69.11481009847122,74.11481009847122,3990
2026-04-10 00:05:33,69.90774755648515,74.90774755648515,1623
2026-04-10 00:05:34,70.91695067327063,75.91695067327063,1724
2026-04-10 00:05:35,66.58280698205044,71.58280698205044,2551
2026-04-10 00:05:36,70.06994461038079,75.06994461038079,4757
2026-04-10 00:05:37,68.1486726442978,73.1486726442978,2788
2026-04-10 00:05:38,64.26367415419783,69.26367415419783,2246
2026-04-10 00:05:39,69.71362465598808,74.71362465598808,4485
2026-04-10 00:05:40,70.41421067334807,75.41421067334807,1921
2026-04-10 00:05:41,68.6874837671547,73.6874837671547,1414
2026-04-10 00:05:42,66.96328122499453,71.96328122499453,1029
2026-04-10 00:05:43,67.63665162400942,72.63665162400942,1743
2026-04-10 00:05:44,68.78595526712212,73.78595526712212,4350
2026-04-10 00:05:45,68.03622344227644,73.03622344227644,1126
2026-04-10 00:05:46,68.08307594961236,73.08307594961236,1082
2026-04-10 00:05:47,68.1463252954717,73.1463252954717,1336
2026-04-10 00:05:48,73.34696259815894,78.34696259815894,2974
2026-04-10 00:05:49,71.23756637851953,76.23756637851953,3896
2026-04-10 00:05:50,70.38219442005955,75.38219442005955,4412
2026-04-10 00:05:51,67.94183683208145,72.94183683208145,1434
2026-04-10 00:05:52,70.14672855111884,75.14672855111884,3823
2026-04-10 00:05:53,68.05733604319526,73.05733604319526,4855
2026-04-10 00:05:54,67.52269948818737,72.52269948818737,1048
2026-04-10 00:05:55,69.03718980864942,74.03718980864942,3957
2026-04-10 00:05:56,70.49503191871061,75.49503191871061,1871
2026-04-10 00:05:57,67.77408192786399,72.77408192786399,2615
2026-04-10 00:05:58,69.04131969472267,74.04131969472267,1696
2026-04-10 00:05:59,72.2519106510289,77.2519106510289,2967
2026-04-10 00:06:00,66.46964449167453,71.46964449167453,4455
2026-04-10 00:06:01,70.209602818055,75.209602818055,3703
2026-04-10 00:06:02,70.74459359600552,75.74459359600552,2244
2026-04-10 00:06:03,67.23883211009688,72.23883211009688,2309
2026-04-10 00:06:04,70.22450458605137,75.22450458605137,4250
2026-04-10 00:06:05,71.99201821349766,76.99201821349766,2049
2026-04-10 00:06:06,69.25909918847029,74.25909918847029,2400
2026-04-10 00:06:07,67.08532245264432,72.08532245264432,3821
2026-04-10 00:06:08,72.53894224505761,77.53894224505761,3897
2026-04-10 00:06:09,67.88207191777346,72.88207191777346,2795
2026-04-10 00:06:10,70.42053064167156,75.42053064167156,4847
2026-04-10 00:06:11,70.40761686819991,75.40761686819991,4139
2026-04-10 00:06:12,69.40747007948775,74.40747007948775,1826
2026-04-10 00:06:13,71.0000673283388,76.0000673283388,1056
2026-04-10 00:06:14,72.36641454142766,77.36641454142766,4789
2026-04-10 00:06:15,72.22909242150787,77.22909242150787,1527
2026-04-10 00:06:16,69.73181749796751,74.73181749796751,4177
2026-04-10 00:06:17,63.75061052239341,68.7506105223934,4729
2026-04-10 00:06:18,67.80413283164216,72.80413283164216,3687
2026-04-10 00:06:19,68.93578034619884,73.93578034619884,4626
2026-04-10 00:06:20,67.01128282343832,72.01128282343832,4101
2026-04-10 00:06:21,72.13458026717073,77.13458026717073,4642
2026-04-10 00:06:22,70.9700205608626,75.9700205608626,3185
2026-04-10 00:06:23,72.66232601633168,77.66232601633168,3485
2026-04-10 00:06:24,69.98093932817484,74.98093932817484,2810
2026-04-10 00:06:25,68.23159690585318,73.23159690585318,1688
2026-04-10 00:06:26,69.1335434072936,74.1335434072936,4808
2026-04-10 00:06:27,72.35708009465584,77.35708009465584,2329
2026-04-10 00:06:28,71.18763435952557,76.18763435952557,1672
2026-04-10 00:06:29,68.56142055709903,73.56142055709903,4171
2026-04-10 00:06:30,71.70362366645845,76.70362366645845,3850
2026-04-10 00:06:31,72.12561237190982,77.12561237190982,1326
2026-04-10 00:06:32,72.13964215059411,77.13964215059411,3232
2026-04-10 00:06:33,70.83265289035455,75.83265289035455,3131
2026-04-10 00:06:34,69.04219595423034,74.04219595423034,1606
2026-04-10 00:06:35,72.49347887783112,77.49347887783112,2281
2026-04-10 00:06:36,72.15514690451378,77.15514690451378,4727
2026-04-10 00:06:37,71.44408848940277,76.44408848940277,2717
2026-04-10 00:06:38,70.67530654294956,75.67530654294956,2846
2026-04-10 00:06:39,70.48915873320212,75.48915873320212,4679
2026-04-10 00:06:40,72.44154776992156,77.44154776992156,4213
2026-04-10 00:06:41,74.76955711200974,79.76955711200974,3671
2026-04-10 00:06:42,71.1482673745355,76.1482673745355,3736
2026-04-10 00:06:43,69.47765189239098,74.47765189239098,2073
2026-04-10 00:06:44,70.21150845996114,75.21150845996114,4501
2026-04-10 00:06:45,68.60736781387953,73.60736781387953,4327
2026-04-10 00:06:46,66.92772125794012,71.92772125794012,3458
2026-04-10 00:06:47,67.19667397725793,72.19667397725793,2949
2026-04-10 00:06:48,73.10708076566209,78.10708076566209,2054
2026-04-10 00:06:49,70.86659055097871,75.86659055097871,3095
2026-04-10 00:06:50,70.47130458852871,75.47130458852871,2915
2026-04-10 00:06:51,67.89117917885126,72.89117917885126,1455
2026-04-10 00:06:52,70.55519458695653,75.55519458695653,2551
2026-04-10 00:06:53,68.72422311574886,73.72422311574886,3873
2026-04-10 00:06:54,71.13294043482195,76.13294043482195,3667
2026-04-10 00:06:55,72.89575034367816,77.89575034367816,1421
2026-04-10 00:06:56,69.06104479050873,74.06104479050873,1363
2026-04-10 00:06:57,72.50610840691974,77.50610840691974,4029
2026-04-10 00:06:58,70.67278939999876,75.67278939999876,2609
2026-04-10 00:06:59,70.54104929937614,75.54104929937614,2608
2026-04-10 00:07:00,69.23223255518305,74.23223255518305,4940
2026-04-10 00:07:01,71.46578670547994,76.46578670547994,3020
2026-04-10 00:07:02,68.8703001843062,73.8703001843062,3797
2026-04-10 00:07:03,70.66444800944346,75.66444800944346,1846
2026-04-10 00:07:04,70.55662944770637,75.55662944770637,4336
2026-04-10 00:07:05,68.59151943935504,73.59151943935504,3263
2026-04-10 00:07:06,69.01340404803156,74.01340404803156,2140
2026-04-10 00:07:07,71.97014767665365,76.97014767665365,3379
2026-04-10 00:07:08,72.96959376140865,77.96959376140865,4974
2026-04-10 00:07:09,70.16178640861875,75.16178640861875,4964
2026-04-10 00:07:10,68.73178018938681,73.73178018938681,4736
2026-04-10 00:07:11,70.03101761416742,75.03101761416742,2024
2026-04-10 00:07:12,72.05556871199282,77.05556871199282,2856
2026-04-10 00:07:13,70.4010327627627,75.4010327627627,1034
2026-04-10 00:07:14,67.73666928118308,72.73666928118308,3936
2026-04-10 00:07:15,70.81509624499253,75.81509624499253,3091
2026-04-10 00:07:16,66.92689225970584,71.92689225970584,1145
2026-04-10 00:07:17,67.03198232579629,72.03198232579629,3041
2026-04-10 00:07:18,68.86060807513333,73.86060807513333,2266
2026-04-10 00:07:19,69.48887857701229,74.48887857701229,4679
2026-04-10 00:07:20,74.24944149859368,79.24944149859368,1465
2026-04-10 00:07:21,74.08358788385645,79.08358788385645,4789
2026-04-10 00:07:22,71.09096029837076,76.09096029837076,3684
2026-04-10 00:07:23,70.09210029052728,75.09210029052728,2434
2026-04-10 00:07:24,69.69173081046955,74.69173081046955,2294
2026-04-10 00:07:25,67.19271448507706,72.19271448507706,4887
2026-04-10 00:07:26,70.30464610502837,75.30464610502837,2282
2026-04-10 00:07:27,67.50558898573459,72.50558898573459,2175
2026-04-10 00:07:28,68.78879678999255,73.78879678999255,2449
2026-04-10 00:07:29,68.81175104456298,73.81175104456298,2209
2026-04-10 00:07:30,72.03004762222777,77.03004762222777,3534
2026-04-10 00:07:31,68.6379878051731,73.6379878051731,2190
2026-04-10 00:07:32,74.8951538295477,79.8951538295477,3796
2026-04-10 00:07:33,70.42935169604382,75.42935169604382,1917
2026-04-10 00:07:34,70.38887317552727,75.38887317552727,3930
2026-04-10 00:07:35,69.94107552823844,74.94107552823844,2855
2026-04-10 00:07:36,69.92741006587319,74.92741006587319,4141
2026-04-10 00:07:37,69.90192845695556,74.90192845695556,1201
2026-04-10 00:07:38,71.01392393045708,76.01392393045708,2763
2026-04-10 00:07:39,72.60631389383639,77.60631389383639,4033
2026-04-10 00:07:40,67.8090968202054,72.8090968202054,1007
2026-04-10 00:07:41,67.7363356867859,72.7363356867859,2703
2026-04-10 00:07:42,71.14492596250432,76.14492596250432,3990
2026-04-10 00:07:43,69.81356894430238,74.81356894430238,2890
2026-04-10 00:07:44,69.56353107218868,74.56353107218868,2106
2026-04-10 00:07:45,71.37351957637568,76.37351957637568,3295
2026-04-10 00:07:46,72.80324948143718,77.80324948143718,3326
2026-04-10 00:07:47,69.16725962721365,74.16725962721365,1500
2026-04-10 00:07:48,71.3294483095603,76.3294483095603,4172
2026-04-10 00:07:49,70.30826641494275,75.30826641494275,2804
2026-04-10 00:07:50,70.2791140919252,75.2791140919252,1193
2026-04-10 00:07:51,70.58689109455342,75.58689109455342,1196
2026-04-10 00:07:52,68.18807055637379,73.18807055637379,1778
2026-04-10 00:07:53,66.60357571530118,71.60357571530118,4680
2026-04-10 00:07:54,72.57316643990508,77.57316643990508,4152
2026-04-10 00:07:55,68.40591942966616,73.40591942966616,1964
2026-04-10 00:07:56,67.75197952609295,72.75197952609295,3723
2026-04-10 00:07:57,69.82796808903554,74.82796808903554,1155
2026-04-10 00:07:58,70.62329683521783,75.62329683521783,4676
2026-04-10 00:07:59,68.67255670464102,73.67255670464102,4498
2026-04-10 00:08:00,69.98147763927479,74.98147763927479,2323
2026-04-10 00:08:01,69.64838242256796,74.64838242256796,3818
2026-04-10 00:08:02,70.22821182683482,75.22821182683482,4739
2026-04-10 00:08:03,69.69445009597268,74.69445009597268,4932
2026-04-10 00:08:04,70.26588209927785,75.26588209927785,2375
2026-04-10 00:08:05,70.64629368293794,75.64629368293794,2515
2026-04-10 00:08:06,69.82981557078017,74.82981557078017,1245
2026-04-10 00:08:07,68.32123469978107,73.32123469978107,4520
2026-04-10 00:08:08,70.68526949955611,75.68526949955611,2827
2026-04-10 00:08:09,71.68745085540212,76.68745085540212,4413
2026-04-10 00:08:10,69.5483360664788,74.5483360664788,2359
2026-04-10 00:08:11,68.78003074616731,73.78003074616731,2149
2026-04-10 00:08:12,68.78362509051753,73.78362509051753,4597
2026-04-10 00:08:13,70.78335195361693,75.78335195361693,4224
2026-04-10 00:08:14,70.38004296782505,75.38004296782505,2142
2026-04-10 00:08:15,69.61337151899116,74.61337151899116,1921
2026-04-10 00:08:16,72.34746143590841,77.34746143590841,1461
2026-04-10 00:08:17,72.43885736195479,77.43885736195479,1712
2026-04-10 00:08:18,72.13717602972552,77.13717602972552,2746
2026-04-10 00:08:19,71.82959551740919,76.82959551740919,3599
2026-04-10 00:08:20,71.6870309468838,76.6870309468838,4598
2026-04-10 00:08:21,68.37179149230361,73.37179149230361,3183
2026-04-10 00:08:22,65.88797295792328,70.88797295792328,2378
2026-04-10 00:08:23,72.87446475860513,77.87446475860513,1363
2026-04-10 00:08:24,69.90263485361386,74.90263485361386,1160
2026-04-10 00:08:25,69.36131708244508,74.36131708244508,3816
2026-04-10 00:08:26,69.39655490715997,74.39655490715997,2819
2026-04-10 00:08:27,68.1423538441549,73.1423538441549,3442
2026-04-10 00:08:28,68.27424939949178,73.27424939949178,1905
2026-04-10 00:08:29,68.38900349530618,73.38900349530618,1746
2026-04-10 00:08:30,68.75720338517567,73.75720338517567,4873
2026-04-10 00:08:31,70.3650415996634,75.3650415996634,1219
2026-04-10 00:08:32,65.9364638170316,70.9364638170316,2352
2026-04-10 00:08:33,75.19406125541255,80.19406125541255,2269
2026-04-10 00:08:34,68.72321223941998,73.72321223941998,4129
2026-04-10 00:08:35,67.35173983530137,72.35173983530137,3756
2026-04-10 00:08:36,68.97495345000208,73.97495345000208,1123
2026-04-10 00:08:37,67.0014518612856,72.0014518612856,3040
2026-04-10 00:08:38,73.01370517699753,78.01370517699753,4131
2026-04-10 00:08:39,66.22958667756863,71.22958667756863,2709
2026-04-10 00:08:40,68.16057214740594,73.16057214740594,1048
2026-04-10 00:08:41,68.77530733498749,73.77530733498749,1707
2026-04-10 00:08:42,69.8335348643928,74.8335348643928,1753
2026-04-10 00:08:43,71.0643035431825,76.0643035431825,4726
2026-04-10 00:08:44,71.97033571865546,76.97033571865546,2251
2026-04-10 00:08:45,70.6034908299698,75.6034908299698,3760
2026-04-10 00:08:46,71.33248607641788,76.33248607641788,2232
2026-04-10 00:08:47,68.37912024899026,73.37912024899026,1093
2026-04-10 00:08:48,69.12183503762728,74.12183503762728,1945
2026-04-10 00:08:49,69.56647049136441,74.56647049136441,3883
2026-04-10 00:08:50,67.780585198678,72.780585198678,3502
2026-04-10 00:08:51,67.84396693070586,72.84396693070586,2296
2026-04-10 00:08:52,68.47275441455884,73.47275441455884,2228
2026-04-10 00:08:53,69.1859620195893,74.1859620195893,1375
2026-04-10 00:08:54,69.30526595755789,74.30526595755789,4416
2026-04-10 00:08:55,73.38849049853472,78.38849049853472,4976
2026-04-10 00:08:56,72.06530447496579,77.06530447496579,3420
2026-04-10 00:08:57,70.55266154256331,75.55266154256331,1567
2026-04-10 00:08:58,71.42965667305089,76.42965667305089,3769
2026-04-10 00:08:59,69.49013034318028,74.49013034318028,2842
2026-04-10 00:09:00,69.59341184236523,74.59341184236523,4497
2026-04-10 00:09:01,68.6593745262762,73.6593745262762,2290
2026-04-10 00:09:02,67.59506212842395,72.59506212842395,4553
2026-04-10 00:09:03,68.53163500107219,73.53163500107219,2615
2026-04-10 00:09:04,72.91011876773159,77.91011876773159,3358
2026-04-10 00:09:05,68.63582381937579,73.63582381937579,1157
2026-04-10 00:09:06,76.04078363636965,81.04078363636965,2293
2026-04-10 00:09:07,71.7352476051213,76.7352476051213,3751
2026-04-10 00:09:08,70.65638635072595,75.65638635072595,4249
2026-04-10 00:09:09,67.9905649726329,72.9905649726329,1066
2026-04-10 00:09:10,72.2423673971777,77.2423673971777,3960
2026-04-10 00:09:11,70.96982846366598,75.96982846366598,3016
2026-04-10 00:09:12,68.9253585483818,73.9253585483818,1339
2026-04-10 00:09:13,68.6536634953703,73.6536634953703,2706
2026-04-10 00:09:14,72.72007197469475,77.72007197469475,1184
2026-04-10 00:09:15,66.59755143525675,71.59755143525675,2566
2026-04-10 00:09:16,68.78088105272434,73.78088105272434,1956
2026-04-10 00:09:17,71.07032408047542,76.07032408047542,2947
2026-04-10 00:09:18,71.82293235728154,76.82293235728154,4487
2026-04-10 00:09:19,71.66353593450948,76.66353593450948,3144
2026-04-10 00:09:20,68.65212118897381,73.65212118897381,3360
2026-04-10 00:09:21,69.86806582546134,74.86806582546134,1209
2026-04-10 00:09:22,70.4808623145745,75.4808623145745,3034
2026-04-10 00:09:23,72.17376677127558,77.17376677127558,4624
2026-04-10 00:09:24,67.50459422650539,72.50459422650539,1882
2026-04-10 00:09:25,65.79640301347976,70.79640301347976,4991
2026-04-10 00:09:26,70.4924313604485,75.4924313604485,1601
2026-04-10 00:09:27,63.92411967417445,68.92411967417445,4215
2026-04-10 00:09:28,70.52620158735418,75.52620158735418,3155
2026-04-10 00:09:29,71.18744227949156,76.18744227949156,3882
2026-04-10 00:09:30,69.67950856739154,74.67950856739154,2755
2026-04-10 00:09:31,68.34775823834117,73.34775823834117,3689
2026-04-10 00:09:32,70.32970691366236,75.32970691366236,1552
2026-04-10 00:09:33,76.43466435596247,81.43466435596247,4316
2026-04-10 00:09:34,69.64274959973793,74.64274959973793,3025
2026-04-10 00:09:35,71.91625777556023,76.91625777556023,4584
2026-04-10 00:09:36,73.87445162811399,78.87445162811399,2852
2026-04-10 00:09:37,72.07951775869425,77.07951775869425,3430
2026-04-10 00:09:38,71.85764605894707,76.85764605894707,1426
2026-04-10 00:09:39,70.1413216667848,75.1413216667848,2461
2026-04-10 00:09:40,71.048511048276,76.048511048276,1278
2026-04-10 00:09:41,70.68537048003931,75.68537048003931,3832
2026-04-10 00:09:42,71.32198788632415,76.32198788632415,2001
2026-04-10 00:09:43,71.703764322962,76.703764322962,3272
2026-04-10 00:09:44,70.21342626648212,75.21342626648212,4908
2026-04-10 00:09:45,68.69560576705352,73.69560576705352,2054
2026-04-10 00:09:46,66.56718716254855,71.56718716254855,4468
2026-04-10 00:09:47,72.7219306797502,77.7219306797502,1461
2026-04-10 00:09:48,70.05057740266145,75.05057740266145,3773
2026-04-10 00:09:49,71.21285660090602,76.21285660090602,2643
2026-04-10 00:09:50,69.09773828365628,74.09773828365628,3834
2026-04-10 00:09:51,67.57122733415007,72.57122733415007,1557
2026-04-10 00:09:52,71.28243840150613,76.28243840150613,3449
2026-04-10 00:09:53,71.71560052100915,76.71560052100915,3978
2026-04-10 00:09:54,67.45608032956389,72.45608032956389,1290
2026-04-10 00:09:55,68.68407098914064,73.68407098914064,3279
2026-04-10 00:09:56,68.2348634306935,73.2348634306935,1144
2026-04-10 00:09:57,67.84904476959662,72.84904476959662,2224
2026-04-10 00:09:58,68.27326358281194,73.27326358281194,2461
2026-04-10 00:09:59,69.13119543378507,74.13119543378507,2280
2026-04-10 00:10:00,72.07744451420749,77.07744451420749,3600
2026-04-10 00:10:01,71.07603817710363,76.07603817710363,3550
2026-04-10 00:10:02,70.24696401798312,75.24696401798312,4972
2026-04-10 00:10:03,66.16476275785149,71.16476275785149,4416
2026-04-10 00:10:04,66.75486951276623,71.75486951276623,4698
2026-04-10 00:10:05,74.10774201327936,79.10774201327936,2873
2026-04-10 00:10:06,71.51360351708014,76.51360351708014,3864
2026-04-10 00:10:07,71.47005893819109,76.47005893819109,1857
2026-04-10 00:10:08,73.89626948865691,78.89626948865691,1520
2026-04-10 00:10:09,69.40831701856119,74.40831701856119,1757
2026-04-10 00:10:10,72.4074060807743,77.4074060807743,1730
2026-04-10 00:10:11,65.20274298403884,70.20274298403884,2147
2026-04-10 00:10:12,70.41070581732302,75.41070581732302,4157
2026-04-10 00:10:13,70.43517052591278,75.43517052591278,1945
2026-04-10 00:10:14,70.66547631576003,75.66547631576003,1678
2026-04-10 00:10:15,65.67398276946336,70.67398276946336,2393
2026-04-10 00:10:16,70.70522066625787,75.70522066625787,1571
2026-04-10 00:10:17,70.27488498204431,75.27488498204431,4883
2026-04-10 00:10:18,68.91600504253513,73.91600504253513,4201
2026-04-10 00:10:19,72.34319714661875,77.34319714661875,2860
2026-04-10 00:10:20,69.99622176907667,74.99622176907667,4317
2026-04-10 00:10:21,69.24910736739459,74.24910736739459,3526
2026-04-10 00:10:22,69.09666046878752,74.09666046878752,1332
2026-04-10 00:10:23,71.4351440500573,76.4351440500573,1483
2026-04-10 00:10:24,71.77854231390975,76.77854231390975,1836
2026-04-10 00:10:25,72.2063058684282,77.2063058684282,4443
2026-04-10 00:10:26,74.38361342235015,79.38361342235015,3077
2026-04-10 00:10:27,73.61840250230495,78.61840250230495,3589
2026-04-10 00:10:28,69.08149320906823,74.08149320906823,2793
2026-04-10 00:10:29,70.47016917496234,75.47016917496234,3191
2026-04-10 00:10:30,68.11820085571713,73.11820085571713,1928
2026-04-10 00:10:31,69.2106562859997,74.2106562859997,4689
2026-04-10 00:10:32,70.09666376453643,75.09666376453643,1692
2026-04-10 00:10:33,69.52631883449556,74.52631883449556,1620
2026-04-10 00:10:34,66.86067567588472,71.86067567588472,2184
2026-04-10 00:10:35,71.10920852909993,76.10920852909993,2655
2026-04-10 00:10:36,72.22456739185654,77.22456739185654,3245
2026-04-10 00:10:37,67.92397174528905,72.92397174528905,1842
2026-04-10 00:10:38,67.98881847592392,72.98881847592392,4787
2026-04-10 00:10:39,69.77979611171192,74.77979611171192,1819
2026-04-10 00:10:40,73.17831966885427,78.17831966885427,3202
2026-04-10 00:10:41,71.39264951363997,76.39264951363997,4479
2026-04-10 00:10:42,69.20920088896507,74.20920088896507,4167
2026-04-10 00:10:43,68.25787289533793,73.25787289533793,2859
2026-04-10 00:10:44,68.55659789755602,73.55659789755602,2941
2026-04-10 00:10:45,69.22620229316745,74.22620229316745,4006
2026-04-10 00:10:46,70.72302904461851,75.72302904461851,2172
2026-04-10 00:10:47,69.41780760065251,74.41780760065251,4850
2026-04-10 00:10:48,69.0006053611857,74.0006053611857,2458
2026-04-10 00:10:49,68.23128334286532,73.23128334286532,2260
2026-04-10 00:10:50,69.51071079164136,74.51071079164136,2569
2026-04-10 00:10:51,72.720294754156,77.720294754156,4331
2026-04-10 00:10:52,66.21461116242575,71.21461116242575,4537
2026-04-10 00:10:53,70.45936525920895,75.45936525920895,3770
2026-04-10 00:10:54,71.5380138729781,76.5380138729781,3486
2026-04-10 00:10:55,69.52717754467608,74.52717754467608,3606
2026-04-10 00:10:56,72.88663003650171,77.88663003650171,4997
2026-04-10 00:10:57,75.31985661197342,80.31985661197342,4894
2026-04-10 00:10:58,67.9156632289445,72.9156632289445,2005
2026-04-10 00:10:59,66.65607665431364,71.65607665431364,3724
2026-04-10 00:11:00,71.77511585477922,76.77511585477922,3812
2026-04-10 00:11:01,67.8323470139968,72.8323470139968,1629
2026-04-10 00:11:02,70.93896234580082,75.93896234580082,3278
2026-04-10 00:11:03,68.07675854333449,73.07675854333449,3490
2026-04-10 00:11:04,66.10922856278299,71.10922856278299,3522
2026-04-10 00:11:05,69.05949140918867,74.05949140918867,4151
2026-04-10 00:11:06,69.86485117241668,74.86485117241668,1455
2026-04-10 00:11:07,69.272306380584,74.272306380584,4064
2026-04-10 00:11:08,72.82978718657202,77.82978718657202,3253
2026-04-10 00:11:09,67.96460292961395,72.96460292961395,1717
2026-04-10 00:11:10,67.02325658307488,72.02325658307488,2608
2026-04-10 00:11:11,70.68546640405611,75.68546640405611,2826
2026-04-10 00:11:12,72.03926595603096,77.03926595603096,3410
2026-04-10 00:11:13,66.36364418862672,71.36364418862672,3179
2026-04-10 00:11:14,69.8547323103337,74.8547323103337,3526
2026-04-10 00:11:15,71.11730497141457,76.11730497141457,1732
2026-04-10 00:11:16,71.740936069153,76.740936069153,4723
2026-04-10 00:11:17,71.88887788073004,76.88887788073004,2768
2026-04-10 00:11:18,72.13691345701463,77.13691345701463,1853
2026-04-10 00:11:19,73.47328581197387,78.47328581197387,1401
2026-04-10 00:11:20,69.18884846460921,74.18884846460921,1769
2026-04-10 00:11:21,71.56883687850852,76.56883687850852,2906
2026-04-10 00:11:22,72.29063286109749,77.29063286109749,1314
2026-04-10 00:11:23,70.74771124687807,75.74771124687807,1868
2026-04-10 00:11:24,70.88589038795925,75.88589038795925,2928
2026-04-10 00:11:25,71.66583407656688,76.66583407656688,4318
2026-04-10 00:11:26,71.69466235681148,76.69466235681148,4978
2026-04-10 00:11:27,70.10106538249678,75.10106538249678,1274
2026-04-10 00:11:28,69.95154767209367,74.95154767209367,4090
2026-04-10 00:11:29,69.35919921381512,74.35919921381512,3567
2026-04-10 00:11:30,71.39782777030658,76.39782777030658,1710
2026-04-10 00:11:31,73.17580185724462,78.17580185724462,4759
2026-04-10 00:11:32,73.23189488684216,78.23189488684216,1943
2026-04-10 00:11:33,70.68899988897631,75.68899988897631,2827
2026-04-10 00:11:34,71.77755425520223,76.77755425520223,4191
2026-04-10 00:11:35,71.45809651196616,76.45809651196616,1990
2026-04-10 00:11:36,69.12123158364967,74.12123158364967,2941
2026-04-10 00:11:37,69.81544470457528,74.81544470457528,4634
2026-04-10 00:11:38,70.66967550631207,75.66967550631207,2275
2026-04-10 00:11:39,72.0280111279979,77.0280111279979,4936
2026-04-10 00:11:40,71.54356881216752,76.54356881216752,3817
2026-04-10 00:11:41,66.92152270249102,71.92152270249102,2734
2026-04-10 00:11:42,72.35919356199746,77.35919356199746,3636
2026-04-10 00:11:43,72.93777054997858,77.93777054997858,1377
2026-04-10 00:11:44,71.38573845611943,76.38573845611943,1721
2026-04-10 00:11:45,68.57210313993195,73.57210313993195,2812
2026-04-10 00:11:46,72.60079142308263,77.60079142308263,4764
2026-04-10 00:11:47,73.2559622656766,78.2559622656766,4943
2026-04-10 00:11:48,72.14766830056341,77.14766830056341,3644
2026-04-10 00:11:49,68.29019003684225,73.29019003684225,4031
2026-04-10 00:11:50,68.77267769819852,73.77267769819852,1668
2026-04-10 00:11:51,71.19378656219997,76.19378656219997,1884
2026-04-10 00:11:52,69.60089458896836,74.60089458896836,3767
2026-04-10 00:11:53,69.06254229075053,74.06254229075053,3856
2026-04-10 00:11:54,72.0641423513693,77.0641423513693,1829
2026-04-10 00:11:55,73.64704502365782,78.64704502365782,1057
2026-04-10 00:11:56,69.672464934921,74.672464934921,4790
2026-04-10 00:11:57,70.58690421658355,75.58690421658355,3015
2026-04-10 00:11:58,70.07142655188358,75.07142655188358,3859
2026-04-10 00:11:59,67.21692059159179,72.21692059159179,4659
2026-04-10 00:12:00,68.12059419890448,73.12059419890448,2521
2026-04-10 00:12:01,69.84696332104889,74.84696332104889,4907
2026-04-10 00:12:02,71.82878596931467,76.82878596931467,1757
2026-04-10 00:12:03,70.72615450533876,75.72615450533876,4414
2026-04-10 00:12:04,66.3086330301273,71.3086330301273,1721
2026-04-10 00:12:05,70.19654239860199,75.19654239860199,2296
2026-04-10 00:12:06,71.03802037092555,76.03802037092555,3875
2026-04-10 00:12:07,68.45494306176884,73.45494306176884,1032
2026-04-10 00:12:08,67.69905314220476,72.69905314220476,1883
2026-04-10 00:12:09,68.15686607616956,73.15686607616956,2572
2026-04-10 00:12:10,64.41668671561665,69.41668671561665,1484
2026-04-10 00:12:11,70.47466466223241,75.47466466223241,2021
2026-04-10 00:12:12,71.7116787293516,76.7116787293516,2359
2026-04-10 00:12:13,74.32518413098734,79.32518413098734,3551
2026-04-10 00:12:14,69.75235210388084,74.75235210388084,1536
2026-04-10 00:12:15,69.32356656947289,74.32356656947289,3518
2026-04-10 00:12:16,69.08263689844149,74.08263689844149,3475
2026-04-10 00:12:17,70.80253009746191,75.80253009746191,4090
2026-04-10 00:12:18,70.97696694114538,75.97696694114538,2700
2026-04-10 00:12:19,68.11893762400238,73.11893762400238,4609
2026-04-10 00:12:20,69.66670906578604,74.66670906578604,4420
2026-04-10 00:12:21,71.85609142303157,76.85609142303157,1643
2026-04-10 00:12:22,68.22857705285216,73.22857705285216,4171
2026-04-10 00:12:23,70.5489479974631,75.5489479974631,1109
2026-04-10 00:12:24,68.77588569733841,73.77588569733841,3390
2026-04-10 00:12:25,67.32337742334406,72.32337742334406,1193
2026-04-10 00:12:26,70.33639574760794,75.33639574760794,1034
2026-04-10 00:12:27,68.06304180603983,73.06304180603983,4170
2026-04-10 00:12:28,66.96940010237202,71.96940010237202,4594
2026-04-10 00:12:29,70.6772335497623,75.6772335497623,3342
2026-04-10 00:12:30,69.9748142216997,74.9748142216997,3950
2026-04-10 00:12:31,70.13944851444332,75.13944851444332,4446
2026-04-10 00:12:32,71.21948329127214,76.21948329127214,3456
2026-04-10 00:12:33,70.17041948785727,75.17041948785727,4327
2026-04-10 00:12:34,70.70994788129815,75.70994788129815,3586
2026-04-10 00:12:35,68.21266820553974,73.21266820553974,1377
2026-04-10 00:12:36,69.48849562705914,74.48849562705914,3173
2026-04-10 00:12:37,68.46787898819251,73.46787898819251,2138
2026-04-10 00:12:38,70.00880324657807,75.00880324657807,1826
2026-04-10 00:12:39,67.48778248199176,72.48778248199176,3447
2026-04-10 00:12:40,70.08236141501484,75.08236141501484,2096
2026-04-10 00:12:41,72.96579478897058,77.96579478897058,3225
2026-04-10 00:12:42,70.5514687095615,75.5514687095615,4147
2026-04-10 00:12:43,68.33226906438742,73.33226906438742,3100
2026-04-10 00:12:44,71.68744788481928,76.68744788481928,4217
2026-04-10 00:12:45,71.79317026434902,76.79317026434902,3739
2026-04-10 00:12:46,70.16767114850781,75.16767114850781,3374
2026-04-10 00:12:47,71.99588108562821,76.99588108562821,4988
2026-04-10 00:12:48,70.51144349932089,75.51144349932089,2602
2026-04-10 00:12:49,69.80753001868243,74.80753001868243,2745
2026-04-10 00:12:50,68.87957090808153,73.87957090808153,3159
2026-04-10 00:12:51,68.83892862352377,73.83892862352377,1696
2026-04-10 00:12:52,69.93387687598774,74.93387687598774,2409
2026-04-10 00:12:53,71.87487758537023,76.87487758537023,4568
2026-04-10 00:12:54,69.48704990485373,74.48704990485373,4161
2026-04-10 00:12:55,73.19656811499638,78.19656811499638,3358
2026-04-10 00:12:56,69.1774514017221,74.1774514017221,2984
2026-04-10 00:12:57,69.99366754310142,74.99366754310142,3365
2026-04-10 00:12:58,69.46660989265925,74.46660989265925,3704
2026-04-10 00:12:59,64.15891677061867,69.15891677061867,3505
2026-04-10 00:13:00,71.2719972660728,76.2719972660728,1152
2026-04-10 00:13:01,72.65494524932376,77.65494524932376,4337
2026-04-10 00:13:02,66.70939264523106,71.70939264523106,4486
2026-04-10 00:13:03,65.71699123562227,70.71699123562227,2495
2026-04-10 00:13:04,71.56414245798891,76.56414245798891,2775
2026-04-10 00:13:05,70.12400824090393,75.12400824090393,4212
2026-04-10 00:13:06,70.28305027150735,75.28305027150735,1224
2026-04-10 00:13:07,67.89230053409472,72.89230053409472,4285
2026-04-10 00:13:08,71.87909278797362,76.87909278797362,4937
2026-04-10 00:13:09,66.67806497463535,71.67806497463535,2332
2026-04-10 00:13:10,68.77852195522154,73.77852195522154,1647
2026-04-10 00:13:11,69.03128623804601,74.03128623804601,3361
2026-04-10 00:13:12,71.63909851700765,76.63909851700765,3076
2026-04-10 00:13:13,67.83165372153805,72.83165372153805,2957
2026-04-10 00:13:14,73.19691673932182,78.19691673932182,1347
2026-04-10 00:13:15,70.99471828917545,75.99471828917545,1292
2026-04-10 00:13:16,66.61542523700751,71.61542523700751,2106
2026-04-10 00:13:17,69.69962800766625,74.69962800766625,4553
2026-04-10 00:13:18,68.51084117445029,73.51084117445029,1470
2026-04-10 00:13:19,71.45878620014291,76.45878620014291,3077
2026-04-10 00:13:20,70.15529319974945,75.15529319974945,3074
2026-04-10 00:13:21,68.0800489676132,73.0800489676132,2699
2026-04-10 00:13:22,74.03852511276848,79.03852511276848,1429
2026-04-10 00:13:23,72.79597273311903,77.79597273311903,2034
2026-04-10 00:13:24,64.61282010660783,69.61282010660783,4373
2026-04-10 00:13:25,71.18865823858161,76.18865823858161,2594
2026-04-10 00:13:26,70.23097815974037,75.23097815974037,4115
2026-04-10 00:13:27,65.56904630264576,70.56904630264576,4412
2026-04-10 00:13:28,73.46509781808663,78.46509781808663,1923
2026-04-10 00:13:29,71.15503392174062,76.15503392174062,4551
2026-04-10 00:13:30,70.84421460269056,75.84421460269056,3582
2026-04-10 00:13:31,67.20900271618929,72.20900271618929,2441
2026-04-10 00:13:32,65.59526230810752,70.59526230810752,2170
2026-04-10 00:13:33,69.92312628293912,74.92312628293912,2917
2026-04-10 00:13:34,67.62264605906752,72.62264605906752,2883
2026-04-10 00:13:35,70.98265268027002,75.98265268027002,2718
2026-04-10 00:13:36,70.40756443329452,75.40756443329452,3986
2026-04-10 00:13:37,72.13177539140528,77.13177539140528,2856
2026-04-10 00:13:38,72.17623312548518,77.17623312548518,1118
2026-04-10 00:13:39,71.66415740297276,76.66415740297276,4077
2026-04-10 00:13:40,71.07832966729693,76.07832966729693,2350
2026-04-10 00:13:41,69.35042131242759,74.35042131242759,3341
2026-04-10 00:13:42,69.35627893706958,74.35627893706958,3633
2026-04-10 00:13:43,69.188336829734,74.188336829734,1283
2026-04-10 00:13:44,67.62899532307584,72.62899532307584,3136
2026-04-10 00:13:45,64.66900327524581,69.66900327524581,3416
2026-04-10 00:13:46,73.85817526323875,78.85817526323875,4765
2026-04-10 00:13:47,67.9294682112023,72.9294682112023,1234
2026-04-10 00:13:48,67.80615020818206,72.80615020818206,1669
2026-04-10 00:13:49,70.16962009894405,75.16962009894405,2701
2026-04-10 00:13:50,69.21816656609396,74.21816656609396,4407
2026-04-10 00:13:51,72.90485834592454,77.90485834592454,2791
2026-04-10 00:13:52,73.05368820193003,78.05368820193003,4982
2026-04-10 00:13:53,72.67031511329233,77.67031511329233,2058
2026-04-10 00:13:54,72.7259105117455,77.7259105117455,1453
2026-04-10 00:13:55,67.69124070806585,72.69124070806585,3137
2026-04-10 00:13:56,70.43712290322739,75.43712290322739,3568
2026-04-10 00:13:57,68.57074138472754,73.57074138472754,1008
2026-04-10 00:13:58,67.38137733055025,72.38137733055025,2999
2026-04-10 00:13:59,67.68023896431957,72.68023896431957,2561
2026-04-10 00:14:00,69.26271377997769,74.26271377997769,2222
2026-04-10 00:14:01,71.71441154149575,76.71441154149575,2498
2026-04-10 00:14:02,68.79107909728178,73.79107909728178,1481
2026-04-10 00:14:03,67.15703147345471,72.15703147345471,2064
2026-04-10 00:14:04,70.15436596303736,75.15436596303736,1223
2026-04-10 00:14:05,68.23628045024628,73.23628045024628,3985
2026-04-10 00:14:06,67.4777915203361,72.4777915203361,2075
2026-04-10 00:14:07,70.09163543946646,75.09163543946646,1308
2026-04-10 00:14:08,68.99758857569734,73.99758857569734,3538
2026-04-10 00:14:09,70.23514545740524,75.23514545740524,4970
2026-04-10 00:14:10,70.52245757997022,75.52245757997022,4965
2026-04-10 00:14:11,68.93363307039323,73.93363307039323,2047
2026-04-10 00:14:12,70.15971653431853,75.15971653431853,3329
2026-04-10 00:14:13,69.09013297720668,74.09013297720668,2540
2026-04-10 00:14:14,71.72793529518957,76.72793529518957,1978
2026-04-10 00:14:15,67.0116306999983,72.0116306999983,3089
2026-04-10 00:14:16,69.20956950421822,74.20956950421822,1269
2026-04-10 00:14:17,76.69650956585195,81.69650956585195,3170
2026-04-10 00:14:18,66.35375204054398,71.35375204054398,2376
2026-04-10 00:14:19,68.69800933640701,73.69800933640701,2279
2026-04-10 00:14:20,67.65718158556678,72.65718158556678,3546
2026-04-10 00:14:21,70.47161708062791,75.47161708062791,2202
2026-04-10 00:14:22,70.53806754821785,75.53806754821785,2212
2026-04-10 00:14:23,71.62472019970342,76.62472019970342,1552
2026-04-10 00:14:24,68.60518413743276,73.60518413743276,1719
2026-04-10 00:14:25,67.88177950336019,72.88177950336019,1614
2026-04-10 00:14:26,71.16645430391686,76.16645430391686,1278
2026-04-10 00:14:27,68.44510635237171,73.44510635237171,2928
2026-04-10 00:14:28,65.51542961920583,70.51542961920583,3509
2026-04-10 00:14:29,71.15825747804416,76.15825747804416,4518
2026-04-10 00:14:30,72.53517785291095,77.53517785291095,3769
2026-04-10 00:14:31,68.042271172867,73.042271172867,2624
2026-04-10 00:14:32,69.16163434496379,74.16163434496379,3137
2026-04-10 00:14:33,70.37832245337228,75.37832245337228,3893
2026-04-10 00:14:34,71.34876054092865,76.34876054092865,3855
2026-04-10 00:14:35,68.27239693941416,73.27239693941416,2519
2026-04-10 00:14:36,71.5261474900157,76.5261474900157,3642
2026-04-10 00:14:37,70.70560563110233,75.70560563110233,2313
2026-04-10 00:14:38,67.77200511593182,72.77200511593182,1010
2026-04-10 00:14:39,69.69060062791151,74.69060062791151,1781
2026-04-10 00:14:40,68.06364488988228,73.06364488988228,2033
2026-04-10 00:14:41,69.69713823051937,74.69713823051937,4295
2026-04-10 00:14:42,68.11210368114166,73.11210368114166,3671
2026-04-10 00:14:43,70.79704189635116,75.79704189635116,1678
2026-04-10 00:14:44,71.62035682098357,76.62035682098357,2940
2026-04-10 00:14:45,68.88245872077987,73.88245872077987,2700
2026-04-10 00:14:46,72.64124923487353,77.64124923487353,4060
2026-04-10 00:14:47,71.13542076076308,76.13542076076308,2666
2026-04-10 00:14:48,67.88052223862535,72.88052223862535,4327
2026-04-10 00:14:49,71.59314283758593,76.59314283758593,2733
2026-04-10 00:14:50,68.76238666735348,73.76238666735348,2124
2026-04-10 00:14:51,68.96418391614078,73.96418391614078,1501
2026-04-10 00:14:52,71.61788959968344,76.61788959968344,2845
2026-04-10 00:14:53,70.31192525502281,75.31192525502281,2102
2026-04-10 00:14:54,65.0713828970643,70.0713828970643,4216
2026-04-10 00:14:55,65.85784820604634,70.85784820604634,2467
2026-04-10 00:14:56,67.12367741835338,72.12367741835338,2686
2026-04-10 00:14:57,68.61843704374158,73.61843704374158,2648
2026-04-10 00:14:58,71.70319090649195,76.70319090649195,1700
2026-04-10 00:14:59,71.89676955291611,76.89676955291611,3338
2026-04-10 00:15:00,70.04725792051819,75.04725792051819,1910
2026-04-10 00:15:01,68.98610258192724,73.98610258192724,4630
2026-04-10 00:15:02,70.67721741727769,75.67721741727769,2027
2026-04-10 00:15:03,70.87273375551439,75.87273375551439,4753
2026-04-10 00:15:04,70.93555623292465,75.93555623292465,2614
2026-04-10 00:15:05,65.08915063730144,70.08915063730144,2438
2026-04-10 00:15:06,69.13768070218137,74.13768070218137,4316
2026-04-10 00:15:07,72.25019115040672,77.25019115040672,3167
2026-04-10 00:15:08,75.41751017146578,80.41751017146578,3499
2026-04-10 00:15:09,70.53326113603322,75.53326113603322,3258
2026-04-10 00:15:10,70.1386953655872,75.1386953655872,1567
2026-04-10 00:15:11,69.20919214427407,74.20919214427407,1125
2026-04-10 00:15:12,70.92942951087889,75.92942951087889,4195
2026-04-10 00:15:13,69.49906034953018,74.49906034953018,3205
2026-04-10 00:15:14,70.77838235426091,75.77838235426091,1625
2026-04-10 00:15:15,72.10727904858076,77.10727904858076,3627
2026-04-10 00:15:16,70.17056596655922,75.17056596655922,3208
2026-04-10 00:15:17,68.33070812301062,73.33070812301062,3477
2026-04-10 00:15:18,69.89280632131518,74.89280632131518,3526
2026-04-10 00:15:19,70.99708260481299,75.99708260481299,4394
2026-04-10 00:15:20,69.66276560463876,74.66276560463876,4358
2026-04-10 00:15:21,67.55456668945304,72.55456668945304,3166
2026-04-10 00:15:22,69.52079691423594,74.52079691423594,2076
2026-04-10 00:15:23,71.39606877650897,76.39606877650897,3903
2026-04-10 00:15:24,70.14873904247975,75.14873904247975,2585
2026-04-10 00:15:25,68.03743511114173,73.03743511114173,1523
2026-04-10 00:15:26,68.7584527957677,73.7584527957677,1389
2026-04-10 00:15:27,70.80947527431893,75.80947527431893,2950
2026-04-10 00:15:28,67.76527060326679,72.76527060326679,4658
2026-04-10 00:15:29,72.91060760788791,77.91060760788791,1073
2026-04-10 00:15:30,68.11909928449532,73.11909928449532,4057
2026-04-10 00:15:31,69.91600488855265,74.91600488855265,2240
2026-04-10 00:15:32,70.31492315109861,75.31492315109861,1949
2026-04-10 00:15:33,72.89747958382296,77.89747958382296,1601
2026-04-10 00:15:34,70.3041883520829,75.3041883520829,1535
2026-04-10 00:15:35,70.25707494731219,75.25707494731219,4629
2026-04-10 00:15:36,71.86758121938648,76.86758121938648,3210
2026-04-10 00:15:37,67.0354908659257,72.0354908659257,2572
2026-04-10 00:15:38,68.90639663361273,73.90639663361273,4067
2026-04-10 00:15:39,68.5692644674627,73.5692644674627,3472
2026-04-10 00:15:40,70.4616910365984,75.4616910365984,3607
2026-04-10 00:15:41,67.41541778446896,72.41541778446896,3190
2026-04-10 00:15:42,72.94593440297596,77.94593440297596,3523
2026-04-10 00:15:43,68.6755694125785,73.6755694125785,3150
2026-04-10 00:15:44,66.90588166437414,71.90588166437414,3139
2026-04-10 00:15:45,70.18352959533765,75.18352959533765,3505
2026-04-10 00:15:46,72.5098580968536,77.5098580968536,2914
2026-04-10 00:15:47,72.47875619723621,77.47875619723621,1499
2026-04-10 00:15:48,74.45331868952658,79.45331868952658,2149
2026-04-10 00:15:49,72.16312898239248,77.16312898239248,1433
2026-04-10 00:15:50,66.90197007620245,71.90197007620245,4197
2026-04-10 00:15:51,66.6881386384913,71.6881386384913,2114
2026-04-10 00:15:52,69.28729555894553,74.28729555894553,1780
2026-04-10 00:15:53,70.44470217748602,75.44470217748602,3128
2026-04-10 00:15:54,69.44685663158016,74.44685663158016,1630
2026-04-10 00:15:55,67.97687904056275,72.97687904056275,4039
2026-04-10 00:15:56,69.1273529645752,74.1273529645752,4579
2026-04-10 00:15:57,71.01977985728783,76.01977985728783,2575
2026-04-10 00:15:58,70.11322586767417,75.11322586767417,3117
2026-04-10 00:15:59,71.95559023495753,76.95559023495753,3924
2026-04-10 00:16:00,71.35734005036338,76.35734005036338,3307
2026-04-10 00:16:01,68.17058157739207,73.17058157739207,3799
2026-04-10 00:16:02,76.00285533845533,81.00285533845533,2493
2026-04-10 00:16:03,71.77906013745272,76.77906013745272,1742
2026-04-10 00:16:04,72.92381280661316,77.92381280661316,3443
2026-04-10 00:16:05,73.15887423579892,78.15887423579892,1093
2026-04-10 00:16:06,73.47796692462342,78.47796692462342,1899
2026-04-10 00:16:07,68.82766218465854,73.82766218465854,3776
2026-04-10 00:16:08,71.58150942225224,76.58150942225224,1104
2026-04-10 00:16:09,66.8334721103457,71.8334721103457,3756
2026-04-10 00:16:10,68.88550774403677,73.88550774403677,2336
2026-04-10 00:16:11,71.11903711945108,76.11903711945108,2455
2026-04-10 00:16:12,72.66338871014149,77.66338871014149,3949
2026-04-10 00:16:13,70.08110689379721,75.08110689379721,4072
2026-04-10 00:16:14,68.16957642112303,73.16957642112303,4141
2026-04-10 00:16:15,67.82266949197583,72.82266949197583,4904
2026-04-10 00:16:16,69.33909704857015,74.33909704857015,4434
2026-04-10 00:16:17,67.0012347911825,72.0012347911825,2358
2026-04-10 00:16:18,70.4317222372825,75.4317222372825,4497
2026-04-10 00:16:19,70.7903288504619,75.7903288504619,1062
2026-04-10 00:16:20,73.16917506655886,78.16917506655886,2301
2026-04-10 00:16:21,68.21934260398712,73.21934260398712,3974
2026-04-10 00:16:22,72.82033512467602,77.82033512467602,3468
2026-04-10 00:16:23,64.44895516577638,69.44895516577638,2152
2026-04-10 00:16:24,67.48379675704679,72.48379675704679,3115
2026-04-10 00:16:25,67.1305068241245,72.1305068241245,4508
2026-04-10 00:16:26,70.87959551526673,75.87959551526673,1760
2026-04-10 00:16:27,74.68478764467461,79.68478764467461,4884
2026-04-10 00:16:28,66.31917826340865,71.31917826340865,3808
2026-04-10 00:16:29,70.5353390017353,75.5353390017353,4395
2026-04-10 00:16:30,70.63632796954259,75.63632796954259,-1
2026-04-10 00:16:31,69.28205592796195,74.28205592796195,-1
2026-04-10 00:16:32,68.0289392955447,73.0289392955447,-1
2026-04-10 00:16:33,70.7717482794922,75.7717482794922,-1
2026-04-10 00:16:34,67.93071227292303,72.93071227292303,-1
2026-04-10 00:16:35,68.33263061528228,73.33263061528228,-1
2026-04-10 00:16:36,69.61212039918655,74.61212039918655,-1
2026-04-10 00:16:37,72.7258897085324,77.7258897085324,-1
2026-04-10 00:16:38,72.12156285272776,77.12156285272776,-1
2026-04-10 00:16:39,70.13937604411383,75.13937604411383,-1
